Workbook
Name DiscountRate: Assumptions!$B$2
Name TaxRate: Assumptions!$B$3
Name Tolerance: Assumptions!$B$4

Sheet Instructions
A1: Quarterly Reserving & MI Model (TEST FIXTURE)
A3: Purpose: consolidate policy-level premiums, apply reserve factors by line of business, reconcile to source, and produce the quarterly MI pack. Owner: Reserving team. Prepared month-end + 3 working days. This cell is a long free-text note so the detector classifies this block as notes rather than a table.

Sheet Assumptions
A1: Parameter | B1: Value
A2: Discount rate | B2: 0.04
A3: Tax rate | B3: 0.19
A4: Reserve tolerance (GBP) | B4: 1000
A5: FX USD/GBP | B5: 0.79
A6: FX EUR/GBP | B6: 0.86
A7: Loss ratio cap | B7: 0.85
A8: Reporting date | B8: =TODAY()

Sheet Raw_Premiums
A1: Policy ID | B1: LOB Code | C1: Region | D1: Currency | E1: Written Premium | F1: Earned Premium | G1: Inception Date
A2: POL1000 | B2: MOT | C2: North | D2: GBP | E2: 100000 | F2: =E2*0.85 | G2: 44197
A3: POL1001 | B3: PRO | C3: South | D3: USD | E3: 107919 | F3: =E3*0.85 | G3: 44208
A4: POL1002 | B4: LIA | C4: East | D4: EUR | E4: 115838 | F4: =E4*0.85 | G4: 44219
A5: POL1003 | B5: MAR | C5: West | D5: GBP | E5: 123757 | F5: =E5*0.85 | G5: 44230
A6: POL1004 | B6: MOT | C6: North | D6: USD | E6: 131676 | F6: =E6*0.85 | G6: 44241
A7: POL1005 | B7: PRO | C7: South | D7: EUR | E7: 139595 | F7: =E7*0.85 | G7: 44252
A8: POL1006 | B8: LIA | C8: East | D8: GBP | E8: 147514 | F8: =E8*0.85 | G8: 44263
A9: POL1007 | B9: MAR | C9: West | D9: USD | E9: 155433 | F9: =E9*0.85 | G9: 44274
A10: POL1008 | B10: MOT | C10: North | D10: EUR | E10: 163352 | F10: =E10*0.85 | G10: 44285
A11: POL1009 | B11: PRO | C11: South | D11: GBP | E11: 171271 | F11: =E11*0.85 | G11: 44296
A12: POL1010 | B12: LIA | C12: East | D12: USD | E12: 179190 | F12: =E12*0.85 | G12: 44307
A13: POL1011 | B13: MAR | C13: West | D13: EUR | E13: 187109 | F13: =E13*0.85 | G13: 44318
... A2501: POL3499 | B2501: MAR | C2501: West | D2501: GBP | E2501: 989581 | F2501: =E2501*0.85 | G2501: 71686

Sheet LOB_Mapping
A1: LOB Code | B1: LOB Name | C1: Reserve Factor
A2: MOT | B2: Motor | C2: 0.65
A3: PRO | B3: Property | C3: 0.55
A4: LIA | B4: Liability | C4: 0.72
A5: MAR | B5: Marine | C5: 0.6

Sheet FX_Rates
A1: Currency | B1: Rate to GBP
A2: GBP | B2: 1
A3: USD | B3: =DiscountRate*0+0.79
A4: EUR | B4: 0.86

Sheet Calc_Reserves
A1: Reserve Roll-Forward
B3: Gross | D3: Reinsurance | F3: Net
A4: Accident Year | B4: Opening | C4: Movement | D4: Opening | E4: Movement | F4: Opening | G4: Movement
A5: 2019 | B5: =SUMIF(Raw_Premiums!$C:$C,"North",Raw_Premiums!$F:$F)*(1+DiscountRate) | C5: =B5*0.3 | D5: =B5*VLOOKUP("MOT",LOB_Mapping!$A:$C,3,FALSE) | E5: =D5*0.3 | F5: =B5-D5 | G5: =C5-E5
A6: 2020 | B6: =SUMIF(Raw_Premiums!$C:$C,"North",Raw_Premiums!$F:$F)*(1+DiscountRate) | C6: =B6*0.3 | D6: =B6*VLOOKUP("MOT",LOB_Mapping!$A:$C,3,FALSE) | E6: =D6*0.3 | F6: =B6-D6 | G6: =C6-E6
A7: 2021 | B7: =SUMIF(Raw_Premiums!$C:$C,"North",Raw_Premiums!$F:$F)*(1+DiscountRate) | C7: =B7*0.3 | D7: =B7*VLOOKUP("MOT",LOB_Mapping!$A:$C,3,FALSE) | E7: =D7*0.3 | F7: =B7-D7 | G7: =C7-E7
A8: 2022 | B8: =SUMIF(Raw_Premiums!$C:$C,"North",Raw_Premiums!$F:$F)*(1+DiscountRate) | C8: =B8*0.3 | D8: =B8*VLOOKUP("MOT",LOB_Mapping!$A:$C,3,FALSE) | E8: =D8*0.3 | F8: =B8-D8 | G8: =C8-E8
A9: 2023 | B9: =SUMIF(Raw_Premiums!$C:$C,"North",Raw_Premiums!$F:$F)*(1+DiscountRate) | C9: =B9*0.3 | D9: =B9*VLOOKUP("MOT",LOB_Mapping!$A:$C,3,FALSE) | E9: =D9*0.3 | F9: =B9-D9 | G9: =C9-E9
A10: 2024 | B10: =SUMIF(Raw_Premiums!$C:$C,"North",Raw_Premiums!$F:$F)*(1+DiscountRate) | C10: =B10*0.3 | D10: =B10*VLOOKUP("MOT",LOB_Mapping!$A:$C,3,FALSE) | E10: =D10*0.3 | F10: =B10-D10 | G10: =C10-E10
A11: Total | B11: =SUM(B5:B10) | C11: =SUM(C5:C10) | D11: =SUM(D5:D10) | E11: =SUM(E5:E10) | F11: =SUM(F5:F10) | G11: =SUM(G5:G10)

Sheet Reconciliation
A1: Reconciliation check
A3: Metric | B3: Model | C3: Source | D3: Variance | E3: Status
A4: Total Earned (North) | B4: =Calc_Reserves!B11 | C4: =SUMIF(Raw_Premiums!$C:$C,"North",Raw_Premiums!$F:$F) | D4: =B4-C4 | E4: =IF(ABS(D4)<Tolerance,"OK","CHECK")
A5: Missing LOB lookup | B5: =VLOOKUP("XXX",LOB_Mapping!$A:$C,2,FALSE)
A6: Coverage ratio | B6: =Calc_Reserves!F11/C6
A7: Check date | B7: =NOW()

Sheet MI_Pack
A1: Quarterly MI Pack
A3: Region | B3: Q1 | C3: Q2 | D3: Q3 | E3: Q4 | F3: FY
A4: North | B4: =SUMIF(Raw_Premiums!$C:$C,"North",Raw_Premiums!$E:$E)/4 | C4: =SUMIF(Raw_Premiums!$C:$C,"North",Raw_Premiums!$E:$E)/4 | D4: =SUMIF(Raw_Premiums!$C:$C,"North",Raw_Premiums!$E:$E)/4 | E4: =SUMIF(Raw_Premiums!$C:$C,"North",Raw_Premiums!$E:$E)/4 | F4: =SUM(B4:E4)
A5: South | B5: =SUMIF(Raw_Premiums!$C:$C,"South",Raw_Premiums!$E:$E)/4 | C5: =SUMIF(Raw_Premiums!$C:$C,"South",Raw_Premiums!$E:$E)/4 | D5: =SUMIF(Raw_Premiums!$C:$C,"South",Raw_Premiums!$E:$E)/4 | E5: =SUMIF(Raw_Premiums!$C:$C,"South",Raw_Premiums!$E:$E)/4 | F5: =SUM(B5:E5)
A6: East | B6: =SUMIF(Raw_Premiums!$C:$C,"East",Raw_Premiums!$E:$E)/4 | C6: =SUMIF(Raw_Premiums!$C:$C,"East",Raw_Premiums!$E:$E)/4 | D6: =SUMIF(Raw_Premiums!$C:$C,"East",Raw_Premiums!$E:$E)/4 | E6: =SUMIF(Raw_Premiums!$C:$C,"East",Raw_Premiums!$E:$E)/4 | F6: =SUM(B6:E6)
A7: West | B7: =SUMIF(Raw_Premiums!$C:$C,"West",Raw_Premiums!$E:$E)/4 | C7: =SUMIF(Raw_Premiums!$C:$C,"West",Raw_Premiums!$E:$E)/4 | D7: =SUMIF(Raw_Premiums!$C:$C,"West",Raw_Premiums!$E:$E)/4 | E7: =SUMIF(Raw_Premiums!$C:$C,"West",Raw_Premiums!$E:$E)/4 | F7: =SUM(B7:E7)
A8: Total | B8: =SUM(B4:B7) | C8: =SUM(C4:C7) | D8: =SUM(D4:D7) | E8: =SUM(E4:E7) | F8: =SUM(F4:F7)

Sheet Dashboard
A1: Executive dashboard
A3: Headline FY premium | B3: =MI_Pack!F8
A4: North FY (via OFFSET) | B4: =OFFSET(MI_Pack!$A$4,0,5)
A5: South FY (via INDIRECT) | B5: =INDIRECT("MI_Pack!F5")
A6: As at | B6: =Assumptions!B8

Sheet Old_Working_v1
A1: superseded working - do not use
A3: scratch | B3: =Calc_Reserves!B5*1.1
B4: =B3/0
B5: =B3+B4
